,Accuracy,Precision,Recall,F1 Score
Dataset 1,0.9333333333333333,0.9388888888888888,0.9333333333333333,0.9281159420289856
Dataset 2,0.95,1.0,0.95,0.9666666666666666
Dataset 3,0.3531746031746032,0.3189491594435711,0.3531746031746032,0.30635899885829104
Dataset 4,0.9450980392156862,0.9468521323521552,0.9450980392156862,0.9454063169252164
Dataset 5,0.7008928571428571,0.7401485233516484,0.7008928571428571,0.679496398160981
